{"cameraMode":{"drawMode":0,"name":"Shaded","section":"Shading Mode"},"sceneLighting":true,"audioPlay":false,"sceneViewState":{"m_AlwaysRefresh":true,"showFog":true,"showSkybox":false,"showFlares":true,"showImageEffects":true,"showParticleSystems":true,"showVisualEffectGraphs":true,"m_FxEnabled":true},"in2DMode":false,"pivot":{"x":-5.241921424865723,"y":-0.39725160598754885,"z":2.411241054534912},"rotation":{"x":0.012319386005401612,"y":-0.9678257703781128,"z":0.048240963369607928,"w":0.24671825766563416},"size":9.475505828857422,"orthographic":false}