{"cameraMode":{"drawMode":0,"name":"Shaded","section":"Shading Mode"},"sceneLighting":true,"audioPlay":false,"sceneViewState":{"m_AlwaysRefresh":true,"showFog":true,"showSkybox":false,"showFlares":true,"showImageEffects":true,"showParticleSystems":true,"showVisualEffectGraphs":true,"m_FxEnabled":true},"in2DMode":false,"pivot":{"x":-1.7987823486328126,"y":-2.4999313354492189,"z":982.9227294921875},"rotation":{"x":0.004805473145097494,"y":-0.007151084020733833,"z":0.00022756416001357138,"w":1.0002256631851197},"size":107.33495330810547,"orthographic":false}