{"cameraMode":{"drawMode":0,"name":"Shaded","section":"Shading Mode"},"sceneLighting":true,"audioPlay":false,"sceneViewState":{"m_AlwaysRefresh":true,"showFog":true,"showSkybox":false,"showFlares":true,"showImageEffects":true,"showParticleSystems":true,"showVisualEffectGraphs":true,"m_FxEnabled":true},"in2DMode":false,"pivot":{"x":0.7346458435058594,"y":-0.0012722015380859376,"z":-46.338470458984378},"rotation":{"x":-0.19429725408554078,"y":-0.7657254934310913,"z":0.26860755681991579,"w":-0.5516760945320129},"size":2.2914366722106935,"orthographic":false}