{"cameraMode":{"drawMode":0,"name":"Shaded","section":"Shading Mode"},"sceneLighting":true,"audioPlay":false,"sceneViewState":{"m_AlwaysRefresh":false,"showFog":true,"showSkybox":true,"showFlares":true,"showImageEffects":true,"showParticleSystems":true,"showVisualEffectGraphs":true,"m_FxEnabled":true},"in2DMode":false,"pivot":{"x":9.989999771118164,"y":1.1671926975250245,"z":-0.04819679260253906},"rotation":{"x":-0.08204136043787003,"y":-0.9159188270568848,"z":0.3079129755496979,"w":-0.24404053390026093},"size":3.315657615661621,"orthographic":false}