{"cameraMode":{"drawMode":0,"name":"Shaded","section":"Shading Mode"},"sceneLighting":true,"audioPlay":false,"sceneViewState":{"m_AlwaysRefresh":false,"showFog":true,"showSkybox":true,"showFlares":true,"showImageEffects":true,"showParticleSystems":true,"showVisualEffectGraphs":true,"m_FxEnabled":true},"in2DMode":false,"pivot":{"x":12.919666290283204,"y":0.8111791610717773,"z":-1.8518056869506837},"rotation":{"x":-0.0027105920016765596,"y":-0.9964394569396973,"z":0.07668652385473252,"w":-0.03528398647904396},"size":4.024451732635498,"orthographic":false}