{"cameraMode":{"drawMode":0,"name":"Shaded","section":"Shading Mode"},"sceneLighting":true,"audioPlay":false,"sceneViewState":{"m_AlwaysRefresh":true,"showFog":true,"showSkybox":false,"showFlares":true,"showImageEffects":true,"showParticleSystems":true,"showVisualEffectGraphs":true,"m_FxEnabled":true},"in2DMode":false,"pivot":{"x":-2.079430341720581,"y":-0.07183313369750977,"z":119.07848358154297},"rotation":{"x":-0.03725221008062363,"y":0.5114059448242188,"z":-0.02305636927485466,"w":-0.8585695028305054},"size":7.828133583068848,"orthographic":false}