{"cameraMode":{"drawMode":0,"name":"Shaded","section":"Shading Mode"},"sceneLighting":true,"audioPlay":false,"sceneViewState":{"m_AlwaysRefresh":true,"showFog":true,"showSkybox":false,"showFlares":true,"showImageEffects":true,"showParticleSystems":true,"showVisualEffectGraphs":true,"m_FxEnabled":true},"in2DMode":false,"pivot":{"x":20.173446655273439,"y":0.615509033203125,"z":66.48828887939453},"rotation":{"x":0.015350415371358395,"y":0.776844322681427,"z":-0.018849264830350877,"w":0.6294700503349304},"size":23.70844268798828,"orthographic":false}