{"cameraMode":{"drawMode":0,"name":"Shaded","section":"Shading Mode"},"sceneLighting":true,"audioPlay":false,"sceneViewState":{"m_AlwaysRefresh":true,"showFog":true,"showSkybox":false,"showFlares":true,"showImageEffects":true,"showParticleSystems":true,"showVisualEffectGraphs":true,"m_FxEnabled":true},"in2DMode":false,"pivot":{"x":5.1701507568359379,"y":15.474491119384766,"z":82.24531555175781},"rotation":{"x":-0.11601094901561737,"y":0.08512632548809052,"z":0.010051515884697438,"w":0.9896965622901917},"size":30.27251434326172,"orthographic":false}